{"ID":"16-407","rate":10,"T":[55.08791,55.25418,55.42048,55.58683,55.75318,55.91952,56.08584,56.25227,56.41878,56.58531,56.75191,56.91835,57.0848,57.25122,57.41778,57.58425,57.75067,57.91722,58.08371,58.25008,58.41639,58.58274,58.74898,58.91541,59.08184,59.24824,59.41456,59.58101,59.74748,59.91389,60.08043,60.24703,60.4137,60.58037,60.74707,60.91367,61.08025,61.24698,61.41362,61.5802,61.74679,61.9135,62.08011,62.24671,62.41325,62.57978,62.74634,62.913,63.07969,63.24631,63.41297,63.57963,63.74628,63.91279,64.07919,64.24556,64.41186,64.578,64.74415,64.91019,65.0762,65.2422,65.40813,65.57401,65.73991,65.90582,66.07191,66.23797,66.40401,66.57025,66.73641,66.90257,67.06878,67.23499,67.40128,67.56761,67.73394,67.90032,68.0667,68.2332,68.39973,68.56618,68.73272,68.89933,69.06595,69.23263,69.39935,69.56612,69.73298,69.89979,70.06659,70.23325,70.39986,70.56652,70.73301,70.89936,71.06583,71.23219,71.3985,71.56472,71.73086,71.89694,72.06307,72.22932,72.39556,72.5618,72.72813,72.89458,73.06103,73.22743,73.39378,73.56015,73.72663,73.89313,74.05958,74.22599,74.39244,74.55887,74.7253,74.89169,75.05805,75.22445,75.39084,75.55726,75.72355,75.88974,76.05603,76.22231,76.3887,76.55519,76.72158,76.88803,77.05443,77.22091,77.38743,77.55401,77.7207,77.88749,78.05423,78.22106,78.38777,78.55438,78.72097,78.88743,79.05385,79.22012,79.38641,79.55265,79.7188,79.88487,80.05093,80.21687,80.38283,80.54879,80.71481,80.8809,81.047,81.21323,81.3794,81.54566,81.71196,81.87833,82.04477,82.21122,82.37772,82.54428,82.71087,82.87759,83.04432,83.21112,83.37801,83.54492,83.7118,83.87867,84.04547,84.2123,84.37896,84.54564,84.71226,84.87862,85.04495,85.2112,85.3774,85.54338,85.70936,85.87532,86.04127,86.20713,86.37304,86.53891,86.70492,86.87099,87.03721,87.2034,87.3696,87.53586,87.70212,87.86841,88.03465,88.20099,88.36727,88.53365,88.69991,88.86626,89.03254,89.19899,89.36533,89.53176,89.69822,89.86471,90.03131,90.19784,90.36454,90.53125,90.69805,90.86482,91.03161,91.19819,91.36481,91.53144,91.69797,91.8645,92.03094,92.19732,92.36365,92.52992,92.69607,92.86223,93.02836,93.19461,93.36085,93.52705,93.69332,93.85958,94.02581,94.1922,94.3586,94.52501,94.69143,94.85792,95.02431,95.1907,95.35702,95.52343,95.68983,95.85616,96.02255,96.18895,96.35538,96.52184,96.6884,96.85502,97.02174,97.18857,97.35553,97.5225,97.68947,97.85641,98.02343,98.19037,98.3573,98.52409,98.69072,98.85731,99.02381,99.19,99.35604,99.52207,99.68802,99.85399,100.01984,100.18557,100.35127,100.51701,100.68279,100.84847,101.01423,101.18022,101.34634,101.51239,101.67852,101.84462,102.01084,102.17716,102.34348,102.50991,102.67636,102.84287,103.00935,103.17588,103.34236,103.50883,103.67535,103.84193,104.0085,104.1751,104.34183,104.50842,104.67508,104.8417,105.00838,105.17498,105.34151,105.50809,105.67465,105.84118,106.00774,106.17427,106.34074,106.50735,106.67399,106.84052,107.00699,107.17344,107.33997,107.50648,107.67304,107.83955,108.00598,108.17238,108.33879,108.50515,108.6715,108.83792,109.00444,109.17096,109.33754,109.50414,109.67071,109.83726,110.00378,110.17032,110.33689,110.50347,110.67001,110.83652,111.00299,111.16934,111.33564,111.50175,111.66765,111.83352,111.99939,112.16517,112.33083,112.49643,112.66197,112.82746,112.99301,113.15867,113.32431,113.49007,113.65601,113.82204,113.98813,114.15433,114.32054,114.48681,114.6531,114.81951,114.98586,115.15214,115.31853,115.48487,115.65128,115.81767,115.98412,116.15057,116.31715,116.48375,116.65033,116.81676,116.98328,117.14983,117.31638,117.48304,117.64969,117.81634,117.98295,118.14956,118.31607,118.48263,118.64917,118.81579,118.98242,119.14913,119.31578,119.48243,119.64909,119.81576,119.98242,120.14915,120.31593,120.48255,120.64931,120.81601,120.98269,121.14927,121.31573,121.48205,121.64824,121.81438,121.98051,122.14657,122.31264,122.47871,122.64466,122.81068,122.97672,123.14277,123.30894,123.47513,123.64136,123.80763,123.9739,124.14011,124.30624,124.47242,124.63854,124.80466,124.97069,125.13664,125.30251,125.46844,125.63447,125.80038,125.96626,126.13212,126.29804,126.46397,126.62999,126.796,126.96215,127.12824,127.29448,127.46053,127.62654,127.79268,127.95888,128.12515,128.2914,128.45769,128.62397,128.79025,128.95651,129.12296,129.28928,129.45565,129.62215,129.78851,129.9548,130.12111,130.28741,130.45363,130.6198,130.78587,130.95186,131.11765,131.2835,131.44934,131.6152,131.78102,131.94695,132.11297,132.27899,132.44506,132.61124,132.77754,132.94392,133.11052,133.27713,133.44391,133.61063,133.77737,133.94406,134.11066,134.27724,134.44371,134.61015,134.77662,134.94297,135.10924,135.27547,135.44166,135.60787,135.77402,135.94021,136.10639,136.27256,136.4388,136.60497,136.77098,136.93699,137.10292,137.2689,137.43478,137.60054,137.76637,137.93222,138.09811,138.26398,138.42983,138.5957,138.76156,138.9274,139.09336,139.25935,139.42535,139.59143,139.75747,139.92354,140.08955,140.25561,140.42173,140.58793,140.75423,140.92054,141.08683,141.25316,141.41948,141.58594,141.75248,141.919,142.08572,142.25248,142.41933,142.58613,142.75303,142.92004,143.08712,143.25423,143.42148,143.58871,143.75601,143.9234,144.09078,144.25818,144.42558,144.59293,144.76031,144.92765,145.09496,145.26219,145.42936,145.59651,145.76361,145.93059,146.09752,146.26435,146.43112,146.598,146.76487,146.93171,147.09852,147.26536,147.4322,147.59915,147.76611,147.93315,148.1001,148.26702,148.43395,148.60087,148.7677,148.93452,149.10136,149.26811,149.43482,149.60146,149.76798,149.93437,150.10079,150.26699,150.43321,150.5992,150.76508,150.93089,151.09656,151.26223,151.4279,151.59351,151.7591,151.92479,152.09034,152.256,152.42186,152.58786,152.75403,152.92028,153.08664,153.25307,153.41958,153.58597,153.75226,153.91852,154.08485,154.25127,154.41747,154.58356,154.7496,154.91566,155.08173,155.24777,155.41369,155.57968,155.74576,155.9119,156.07804,156.24429,156.4106,156.57701],