{"ID":"16-407","rate":20,"T":[55.32224,55.65517,55.98811,56.32106,56.65431,56.98747,57.32073,57.65383,57.98703,58.32015,58.65351,58.98679,59.31999,59.65311,59.98626,60.31933,60.65202,60.98473,61.31748,61.65013,61.98277,62.31548,62.6483,62.98111,63.31415,63.64706,63.98004,64.31316,64.64635,64.97952,65.31252,65.64572,65.97862,66.31149,66.64448,66.97736,67.31015,67.64296,67.9758,68.30874,68.64123,68.97386,69.30657,69.6393,69.97203,70.30455,70.63729,70.97004,71.30274,71.63549,71.96824,72.30122,72.63398,72.96654,73.29934,73.63194,73.96463,74.2975,74.63075,74.9643,75.29771,75.63151,75.96532,76.29895,76.63257,76.96588,77.29925,77.63264,77.96583,78.29903,78.63197,78.96481,79.29766,79.63036,79.96302,80.29554,80.6279,80.96039,81.29294,81.6251,81.9573,82.28946,82.62175,82.95396,83.2861,83.61832,83.9507,84.28322,84.61578,84.94829,85.28066,85.61338,85.94567,86.27812,86.61075,86.9435,87.27625,87.60896,87.94217,88.27515,88.60811,88.94114,89.27445,89.60771,89.94099,90.27449,90.60793,90.9414,91.27495,91.60858,91.94203,92.27555,92.60929,92.94251,93.27572,93.60882,93.94191,94.2749,94.60734,94.94003,95.27256,95.60494,95.93731,96.26967,96.6021,96.93457,97.26724,97.59996,97.93257,98.26506,98.59752,98.92993,99.26241,99.59492,99.92761,100.2601,100.59261,100.92523,101.25782,101.59061,101.92323,102.25607,102.58859,102.92111,103.25379,103.58659,103.91975,104.25257,104.58588,104.91951,105.25291,105.58577,105.91842,106.25162,106.58478,106.91782,107.25093,107.58423,107.91741,108.25041,108.58336,108.91604,109.24863,109.58113,109.91354,110.24613,110.57832,110.91067,111.2433,111.57603,111.90881,112.24129,112.57436,112.90723,113.24006,113.57301,113.9059,114.23874,114.57147,114.90416,115.23668,115.56901,115.90153,116.23426,116.56711,116.9,117.23296,117.56609,117.89892,118.23168,118.5643,118.89714,119.22984,119.56271,119.89589,120.22915,120.56252,120.89595,121.22946,121.56288,121.89626,122.22948,122.5626,122.89571,123.22914,123.56219,123.89511,124.22815,124.5611,124.89387,125.2262,125.5587,125.89132,126.22371,126.55594,126.88789,127.21984,127.55148,127.88277,128.21433,128.54597,128.87798,129.21004,129.54232,129.87499,130.20744,130.53976,130.87209,131.20407,131.53615,131.86801,132.19983,132.53184,132.86384,133.19635,133.52898,133.86175,134.19465,134.5275,134.86044,135.19307,135.52561,135.85814,136.19058,136.52311,136.85575,137.18814,137.52041,137.85256,138.18468,138.51672,138.84835,139.18026,139.51213,139.84402,140.17578,140.50752,140.83942,141.17143,141.50341,141.83564,142.16814,142.5007,142.83334,143.16596,143.49904,143.83195,144.16475,144.49774,144.83067,145.16379,145.49698,145.8303,146.16361,146.49696,146.83051,147.16391,147.49741,147.83098,148.16494,148.49902,148.83325,149.16798,149.50267,149.83768,150.17269,150.50756,150.84223,151.17683,151.51123,151.84526,152.179,152.51267,152.8465,153.18008,153.51346,153.84686,154.18047,154.51398,154.84741,155.18076,155.51396,155.84718,156.1805,156.51308],"latentdata":[0,0,0,0,0,0,0,0,0,0,0,0,0,0,0,0,0,0,0,0,0,0,0,0,0,0,0,0,0,0,0,0,0,0,0,0,0,0,0,0,0,0,0,0,0,0,0,0,0,0,0,0,0,0,0,0,0,0,0,0,0.017422959045068964,0.02157250929504162,0.022806653459110926,0.022514117070550732,0.021751172986689937,0.022622445919238565,0.022206145310287084,0.023100674748280703,0.023793457279565722,0.025384991898289577,0.026134441836647149,0.026151548248477319,0.027028599194641068,0.02525033974212576,0.023043165683246158,0.025369695813107107,0.026965521629731093,0.02656928802879488,0.024968677806709749,0.026269589164152229,0.028330188097799969,0.029519228998760916,0.030968834579426563,0.033608725847952492,0.034400955671122446,0.034868030245655213,0.037407265681323132,0.039493897334612171,0.041518729968977652,0.043582612917354879,0.047571355748411648,0.045391381817601939,0.045720095249314419,0.048069610744365221,0.050852954259414496,0.053178696112484047,0.054944919524647418,0.059407715797693328,0.061336317287129738,0.0629495427236133,0.066104524549928989,0.069630173467278844,0.069170056704181526,0.069689608093519873,0.075151786652892127,0.083782022554866664,0.0873514171518055,0.091210963870577366,0.094149085746400019,0.098494370192478975,0.1022672847644559,0.10449770584115914,0.1061275516693847,0.1054864356829075,0.10820012557768788,0.11171984984436545,0.11173016369078415,0.11403768379016288,0.11601826940442717,0.11888809698163172,0.11864456802984247,0.11650515954212359,0.11601670962376165,0.12113527778865762,0.12472971953607548,0.12756009712462202,0.12906163537394377,0.13223941159388275,0.13253100574992427,0.13484817449009956,0.13597961243347445,0.1375122265668729,0.13959232270181055,0.14315345142850422,0.14589243460892032,0.14981587029433729,0.15468599644421932,0.15790618545816848,0.15921683802552788,0.16307998537467583,0.1713408013978075,0.1796957870289102,0.18621684533252836,0.19156643414813423,0.19649398256157724,0.20306819979552149,0.20983901626052237,0.21534568005438093,0.22119752340323462,0.22782996983685777,0.23150225034799643,0.2394492562697268,0.24860932764961152,0.25638060613903235,0.26155250205388914,0.26680247821919867,0.2730135222413308,0.2789406790914839,0.28387117083389235,0.29171525214110439,0.30132635535375751,0.30970515359896744,0.31939291878694753,0.3308283632764919,0.34235426180189954,0.35252002867515131,0.36546395517947072,0.37719216077430584,0.38660063396601263,0.39709071878414015,0.4065546783002647,0.41667585693323517,0.43165205899773884,0.4476316127510076,0.46381651530369439,0.47876672211886806,0.48923515702255216,0.499351111744045,0.512174688943527,0.52735455502611384,0.54242216898229589,0.56032942098066574,0.58048552204045745,0.60044990683064725,0.6222775871533921,0.64511621271574615,0.66920410633942939,0.69575051525578857,0.71813450883566965,0.74151258398721787,0.76486810527138882,0.78778696504706147,0.81248476947429893,0.8363476186695431,0.86626632258307534,0.90030408087462455,0.93481754952166,0.96734224713548134,1.0006446285547037,1.0382624632871771,1.0788690839448085,1.120662543637934,1.1643226238268456,1.2088749537244832,1.2515782676337608,1.2964640113499497,1.3439353463891877,1.3967034080806062,1.4519250727759845,1.5103544868836716,1.5708073345964619,1.6344265828455953,1.6999722302759182,1.7691619091243851,1.8443514593172274,1.9243159045652938,2.007510088454989,2.0918714505794354,2.1815441257496575,2.2743276120133178,2.3728767533986428,2.4761728754931207,2.5869906390616189,2.7081962661318411,2.8406585429330686,2.9860843127124737,3.1380437160043657,3.301250954081195,3.4628642099939722,3.6213007928665384,3.7740363142511058,3.9259772669829482,4.0805376563629148,4.23489198779685,4.3915863076679162,4.5465002609110359,4.6991997620586847,4.8442792859652908,4.9834475056165957,5.1219888098486539,5.2642396308035186,5.406401671470439,5.54752576588181,5.686483669862894,5.8228352154861751,5.958070646717128,6.09302642340357,6.2254408978190883,6.3580374738130212,6.4862946753106314,6.60392797087014,6.70756918299212,6.8064804263315857,6.889819664855092,6.95677848340674,7.0306908143575324,7.1069505057178759,7.1813909949940111,7.2646212918869111,7.34274625442385,7.4174752246370632,7.4952802963560847,7.5632039202780259,7.6243467137684515,7.6843206383861524,7.7292197133410951,7.7634751279386665,7.7891381478376438,7.7920696442072117,7.7698400096956322,7.7188717363490582,7.634287769799549,7.5243069035827084,7.3839913560815518,7.211411018973048,7.0063276838050195,6.7722337935728145,6.5176963579871421,6.2319283465002959,5.9062260714096286,5.5407717498459306,5.1391457863663144,4.7172102384944541,4.2879112812046838,3.8643072115075192,3.4617430654993475,3.08551850504206,2.7376260981894953,2.4169002750138029,2.122507007313069,1.8551304765040655,1.6140677439856637,1.4024017801606528,1.2085583285935551,1.0294405382197924,0.8684338122046,0.72484594181345052,0.595210791102252,0.47911939026857464,0.37466374841213312,0.28145912237315773,0.19959555302889864,0.12434975986112384,0.055482450817065043,0]}
